{"current_map": 1, "maps": {"0": 179.06981878585793, "1": 181.01104938649465, "5": 73.02739212103907, "3": 18.027756377319946, "6": 180.0444389588304, "7": 479.0260953225826, "2": 360.0013888862097, "4": 180.01111076819674}}